filename,classification
014F7433-6DEE-4C1B-BB38-53BE406072A5.jpg,poster
2FB9C4C0-625D-4629-B91B-7B3343C22A72.jpg,poster
4DD23891-7961-45FB-9B9B-93DAF5C42362.jpg,poster
99F41E1B-17EC-4E9A-A67B-944E9D7B585E.jpg,poster
B9AEB4E1-F76E-4FB2-8E6B-D05E2AC52907.jpg,poster
BF0D600D-5F9D-490B-83F4-9383CDD1A720.jpg,poster
IMG_1171.JPEG,poster
IMG_1172.JPEG,poster
IMG_1199.JPG,poster
IMG_1200.JPG,qr
IMG_1201.JPEG,poster
IMG_1202.JPG,poster
IMG_1203.JPG,qr
IMG_1204.JPG,poster
IMG_1205.JPG,qr
IMG_1206.JPG,poster
IMG_1207.JPG,poster
IMG_1208.JPG,qr
IMG_1209.JPEG,poster
IMG_1210.JPEG,poster
IMG_1211.JPEG,poster
IMG_1212.JPEG,poster
IMG_1213.JPEG,poster
IMG_1220.JPEG,poster
IMG_1221.JPEG,qr
IMG_1222.JPEG,poster
IMG_1223.JPEG,qr
IMG_1225.JPG,poster
IMG_1226.JPG,poster
IMG_1227.JPEG,poster
IMG_1228.JPEG,qr
IMG_1229.JPG,poster
IMG_1230.JPG,poster
IMG_1231.JPG,poster
IMG_1232.JPEG,poster
IMG_1233.JPEG,poster
IMG_1234.JPG,poster
IMG_1235.JPEG,poster
IMG_1236.JPEG,poster
IMG_1237.JPEG,poster
IMG_1238.JPEG,qr
IMG_1239.JPEG,poster
IMG_1240.JPEG,poster
IMG_1241.JPEG,poster
IMG_1242.JPG,poster
IMG_1243.JPG,qr
IMG_1244.JPEG,poster
IMG_1245.JPEG,poster
IMG_1246.JPG,poster
IMG_1247.JPEG,poster
IMG_1250.JPG,poster
IMG_1251.JPG,poster
IMG_1252.JPEG,poster
IMG_1253.JPEG,poster
IMG_1254.JPEG,poster
IMG_1255.JPEG,qr
IMG_1256.JPEG,poster
IMG_1257.JPEG,poster
IMG_1258.JPEG,poster
IMG_1259.JPEG,poster
IMG_1260.JPEG,qr
IMG_1262.JPEG,poster
IMG_1263.JPEG,poster
IMG_1264.JPEG,qr
IMG_1265.JPEG,poster
IMG_1266.JPEG,poster
IMG_1267.JPEG,poster
IMG_1268.JPEG,poster
IMG_1269.JPEG,poster
IMG_1270.JPEG,poster
IMG_1271.JPEG,poster
IMG_1272.JPEG,poster
IMG_1273.JPEG,poster
IMG_1274.JPEG,poster
IMG_1276.JPEG,poster
IMG_1277.JPEG,poster
IMG_1278.JPEG,poster
IMG_1279.JPEG,poster
IMG_1280.JPEG,poster
IMG_1281.JPEG,poster
IMG_1282.JPEG,poster
IMG_1283.JPEG,qr
IMG_1290.JPEG,poster
IMG_1291.JPEG,poster
IMG_1292.JPEG,poster
IMG_1293.JPEG,poster
IMG_1294.JPEG,poster
IMG_1295.JPEG,poster
IMG_1296.JPEG,poster
IMG_1297.JPEG,poster
IMG_1299.JPEG,poster
IMG_1300.JPEG,poster
IMG_1301.JPEG,qr
IMG_1302.JPEG,qr
IMG_1303.JPEG,poster
IMG_1304.JPEG,poster
IMG_1305.JPEG,poster
IMG_1306.JPEG,poster
IMG_1307.JPEG,poster
IMG_1308.JPEG,poster
IMG_1309.JPEG,poster
IMG_1310.JPEG,qr
IMG_1311.JPEG,poster
IMG_1312.JPEG,qr
IMG_1313.JPEG,poster
IMG_1314.JPEG,qr
IMG_1315.JPEG,poster
IMG_1316.JPEG,poster
IMG_1318.JPEG,qr
IMG_1319.JPEG,poster
IMG_1320.JPEG,poster
IMG_1321.JPEG,poster
IMG_1322.JPEG,poster
IMG_1323.JPEG,poster
IMG_1324.JPEG,poster
IMG_1325.JPEG,poster
IMG_1326.JPEG,qr
IMG_1327.JPEG,poster
IMG_1328.JPEG,qr
IMG_1329.JPEG,poster
IMG_1330.JPEG,qr
IMG_1331.JPEG,poster
IMG_1332.JPEG,poster
IMG_1333.JPEG,poster
IMG_1336.JPEG,poster
IMG_1337.JPEG,poster
IMG_1338.JPEG,qr
IMG_1339.JPEG,poster
IMG_1340.JPEG,poster
IMG_1341.JPEG,poster
IMG_1342.JPEG,poster
IMG_1343.JPEG,poster
IMG_1344.JPEG,poster
IMG_1345.JPEG,poster
IMG_1346.JPEG,poster
IMG_1347.JPEG,poster
IMG_1348.JPEG,poster
IMG_1349.JPEG,poster
IMG_1350.JPEG,poster
IMG_1351.JPEG,poster
IMG_1352.JPEG,poster
IMG_1353.JPEG,poster
IMG_1354.JPEG,poster
IMG_1355.JPEG,poster
IMG_1356.JPEG,poster
IMG_1357.JPEG,poster
IMG_1358.JPEG,poster
IMG_1359.JPEG,poster
IMG_1360.JPEG,poster
IMG_1361.JPEG,qr
IMG_1362.JPEG,poster
IMG_1363.JPEG,poster
IMG_1364.JPEG,qr
IMG_1365.JPEG,poster
IMG_1366.JPEG,poster
IMG_1367.JPEG,poster
IMG_1368.JPEG,poster
IMG_1369.JPEG,qr
IMG_1370.JPEG,poster
IMG_1371.JPEG,poster
IMG_1372.JPEG,poster
IMG_1373.JPEG,poster
IMG_1374.JPEG,poster
IMG_1375.JPEG,poster
IMG_1376.JPEG,poster
IMG_1377.JPEG,poster
IMG_1378.JPEG,poster
IMG_1379.JPEG,poster
IMG_1380.JPEG,poster
IMG_1381.JPEG,poster
IMG_1382.JPEG,poster
IMG_1384.JPEG,poster
IMG_1385.JPEG,poster
IMG_1386.JPEG,poster
IMG_1387.JPEG,poster
