title,summary,filename,file_path
~,"The poster presents a dataset and experiments on improving tiny instance segmentation using super-resolution techniques on the MassID45 dataset. It explores the effectiveness of different super-resolution methods and their impact on detection performance, highlighting the use of slicing-aided hyper-inference and fine-tuning for small object detection. The results show that super-resolution can enhance the detection of tiny insects, and the poster concludes with future work",014F7433-6DEE-4C1B-BB38-53BE406072A5.jpg,/data/neurips/posters/014F7433-6DEE-4C1B-BB38-53BE406072A5.jpg
BenthicNet: A global compilation of seafloor images,"BenthicNet is a global dataset of seafloor images used for deep learning applications, including classification, segmentation, and geospatial modelling. It spans the globe, with images collected from 2005 to 2022, and includes diverse annotations for biota, morphology, and substrate. The dataset is curated from various sources, including public repositories and private collections, and is available for research",2FB9C4C0-625D-4629-B91B-7B3343C22A72.jpg,/data/neurips/posters/2FB9C4C0-625D-4629-B91B-7B3343C22A72.jpg
<!-- image -->,"BeetleFlow is a pipeline for processing large-scale beetle images, combining detection, segmentation, and cropping. It uses a transformer-based detector and segmentation model, achieving high accuracy in detection and segmentation. The pipeline can be integrated into biological research for efficient data processing.",4DD23891-7961-45FB-9B9B-93DAF5C42362.jpg,/data/neurips/posters/4DD23891-7961-45FB-9B9B-93DAF5C42362.jpg
LYforid,"A poster titled ""LYforid"" discusses the importance of continual adaptation in machine learning models, particularly in non-stationary environments. The study aims to benchmark ML-ready models and provide a unified framework for adaptation, addressing issues like imbalance and calibration. The poster includes visual aids and references to foundational research supported by grants. The main research contribution is the development of a methodology for continual adaptation in machine learning",99F41E1B-17EC-4E9A-A67B-944E9D7B585E.jpg,/data/neurips/posters/99F41E1B-17EC-4E9A-A67B-944E9D7B585E.jpg
<!-- image -->,"The poster presents a pipeline for analyzing harbor seal images, combining object detection with saliency maps to improve detection accuracy. It evaluates various explainable methods, such as LIME and HiResCAM, and demonstrates their performance across test images. The results show that these methods can significantly reduce false positives by identifying specific issues like annotation gaps or ambiguous background features. The poster also highlights the combination of object detection",B9AEB4E1-F76E-4FB2-8E6B-D05E2AC52907.jpg,/data/neurips/posters/B9AEB4E1-F76E-4FB2-8E6B-D05E2AC52907.jpg
.,"The MassID45 dataset combines high-resolution bulk images and DNA barcodes to address challenges in insect biodiversity research, enabling advanced segmentation and classification models. Supervised models outperform zero-shot models, highlighting the importance of expert annotations for ecological tasks. The dataset provides a valuable resource for improving image quality and multimodal classification techniques.",BF0D600D-5F9D-490B-83F4-9383CDD1A720.jpg,/data/neurips/posters/BF0D600D-5F9D-490B-83F4-9383CDD1A720.jpg
|,"The dataset GTPBD is designed to address the challenges of representing complex terraced terrains in agricultural parcel extraction tasks. It provides a comprehensive dataset with high-resolution images and diverse terrain features, enabling the development of robust models for detecting and segmenting terraced fields. The dataset's global coverage and multiple domain styles make it a valuable resource for agricultural applications and precision farming. The comparison with other agricultural field",IMG_1171.JPEG,/data/neurips/posters/IMG_1171.JPEG
<!-- image -->,"A large dataset of moth images is presented for training and testing Open-Set Recognition models. The dataset is divided into Closed-set, Auxiliary Data, and Open-set categories, with various methods evaluated for their performance. The dataset aims to support biodiversity monitoring by enabling the detection of unseen species. The results show that auxiliary data can significantly improve model performance, and background features alone are not sufficient for achieving good OS",IMG_1172.JPEG,/data/neurips/posters/IMG_1172.JPEG
RE,"MindForge is a system that enables embodied agents to learn and adapt through interaction with their environment, using a combination of perception, belief, and action. It aims to improve agents' ability to learn across tasks and domains by incorporating Theory of Mind (ToM) representations, allowing them to understand and respond to the beliefs, desires, and intentions of others. The system uses a recursive biome and a communication",IMG_1199.JPG,/data/neurips/posters/IMG_1199.JPG
<!-- image -->,"The poster introduces a GUI-Reflection framework that enables GUI models to perform self-reflection and correction during training, addressing the limitations of current offline SFT methods. It proposes a task suite and automatic data generation approach to cultivate reflection-oriented behaviors in pre-training and incorporates iterative online reflection tuning with automatic correction and annotation pipelines. The framework is demonstrated through examples of reflection behaviors and tasks, showcasing its potential to empower",IMG_1201.JPEG,/data/neurips/posters/IMG_1201.JPEG
MineAnyBuild: Benchmarking Spatial Planning for Open-world Al Agents,"MineAnyBuild is a comprehensive benchmark for evaluating spatial planning capabilities of open-world Al agents, covering diverse tasks and dimensions. It utilizes a data curation pipeline to collect and annotate vast amounts of player-generated content, providing a scalable and diverse dataset for training and evaluation. The benchmark exposes the limitations of current Al agents in spatial planning, offering insights into areas for improvement. Results show varying performance across different models",IMG_1202.JPG,/data/neurips/posters/IMG_1202.JPG
Image,"The VideoGameQA-Bench benchmark evaluates Vision-Language Models in real-world video game QA tasks, including visual unit testing, UI unit testing, visual regression testing, glitch detection, and bug report generation. The dataset contains 4,786 questions across 3,436 samples, covering 800+ commercial games and 9 Unity scenes. Top models achieve high accuracies, with GPT-4.",IMG_1204.JPG,/data/neurips/posters/IMG_1204.JPG
<!-- image -->,"The paper introduces MigGPT, a framework that enhances the migration of out-of-tree Linux kernel patches using a novel code fingerprint structure and three specialized modules. It establishes a benchmark to evaluate LLM capabilities in this domain, achieving an average migration accuracy of 74.07%. The framework aims to automate the maintenance of these patches, reducing the workload for experienced engineers. The benchmark covers three real-world projects",IMG_1206.JPG,/data/neurips/posters/IMG_1206.JPG
<!-- image -->,"The poster presents a robustness-focused fact-checking benchmark, RAGuard, which evaluates the performance of Retrieval Augmented Generative Pretrained Models (RAGs) on real-world, misleading content. The dataset is constructed in three stages, including knowledge base construction, which involves evaluating various models on different tasks such as zero-context prediction, standard RAG, and oracle retrieval. The findings indicate",IMG_1207.JPG,/data/neurips/posters/IMG_1207.JPG
|,"TabSTAR is a new model that can handle both numerical and textual data, and it does this by using a combination of different techniques. It's really good at predicting things like whether someone should be hospitalized or not, based on their medical history and symptoms. You can even try it out yourself by installing it and running some examples!",IMG_1209.JPEG,/data/neurips/posters/IMG_1209.JPEG
"Figure 7: Challenges of biodiversity: (1) viewpoint variations (Parasteatoda tepidariorum); (2) occlusion by other objects (Vipera berus); (3) clutter (Harmonia axyridis); (4) multiple life cycle stages (Papilio machaon); (5) deformations (Cornu aspersum); (6) intra-class variation (Passer domesticus); (7) inter-class similarity (Bellis perennis, Leucanthemum vulgare, Chamomile matricaria).","CRYPTICBIO is a large multimodal dataset that includes images, scientific and vernacular terms, and annotations to address challenges in biodiversity identification, such as viewpoint variations, occlusion, clutter, multiple life cycle stages, deformations, intra-class variation, and inter-class similarity. The dataset is curated from multiple sources, including GBIF, iNaturalist, and WorldClim-2.",IMG_1210.JPEG,/data/neurips/posters/IMG_1210.JPEG
ing Multimodal Observations of Natural Incidents Through Remote Sens MONITRS,"The poster introduces a new dataset, MONITRS, which combines news articles with satellite images to track natural incidents. It presents a methodology for extracting event locations and durations from news articles, geocoding them, and training models on satellite images. The dataset is used to experiment with event classification and temporal grounding, achieving state-of-the-art results. The fine-tuned models outperform existing ones, including",IMG_1211.JPEG,/data/neurips/posters/IMG_1211.JPEG
Pe RA,"The poster introduces COLORBENCH, a comprehensive benchmark for evaluating VLMs' color understanding across perception, reasoning, and robustness. It consists of 1,448 instances and 5,814 image-text questions across 11 tasks, addressing key questions about VLMs' awareness of color, stability under color changes, and their ability to think in color like humans. The results show that V",IMG_1212.JPEG,/data/neurips/posters/IMG_1212.JPEG
il,"AutoSEP introduces a novel method for improving fine-grained image classification with multimodal LLMs by generating and refining prompts that highlight key visual details, leading to significant performance gains. The method leverages unlabeled data to self-enhance, demonstrating a 13% average improvement over standard zero-shot classification.",IMG_1213.JPEG,/data/neurips/posters/IMG_1213.JPEG
"Humans remember visual elements ""wily through High-Frequency ~ ""ves (e.g., edges). But do al Networks?","This study investigates the role of high-frequency features in deep learning models and their impact on semantic information retention. The results show that edge-filtering deep learning features can enhance stability while preserving semantic information, confirming the hypothesis that high-frequency details contribute to semantic representation. The findings have implications for improving the robustness and generalizability of deep learning models across various tasks and modalities.",IMG_1220.JPEG,/data/neurips/posters/IMG_1220.JPEG
<!-- image -->,<!-- fill in -->,IMG_1222.JPEG,/data/neurips/posters/IMG_1222.JPEG
ne,"Please provide a concise summary of the poster in 1-2 sentences, focusing on the main research contribution and results. Make sure not to repeat the example summary. Replace the placeholder text with the actual content from the poster. If the poster text is incomplete or unclear, indicate that in your summary. If the poster is empty, you can provide a generic summary. If the poster contains multiple sections or",IMG_1225.JPG,/data/neurips/posters/IMG_1225.JPG
"| Single-Doc. QA Multi-Doc. QA Symmarization Few-shot here   | 47.15 oh 707   | 3 ekg 46.98 24.40 ~~ 66.71 $1.25 SAM   | Rea Py 48.45 ee hee 51. Ne   | 54.0/ 16.21 69,29 56.00 51.90 )   | 1 RT 6.57 y   |","Ada-KV is a technique that enhances the performance of large language models (LLMs) by adapting them to specific tasks and scenarios, leading to significant improvements in various natural language processing tasks, including question-agnostic scenarios and multi-turn dialogues. It has been widely adopted in follow-up works, with over 70 citations, demonstrating its broad applicability and effectiveness. The technique involves a combination of knowledge",IMG_1226.JPG,/data/neurips/posters/IMG_1226.JPG
"Yuru Jiangs' ~&lt; ) Wenxu . 'Zhejiang Uni an Din versity,",[Your summary here],IMG_1227.JPEG,/data/neurips/posters/IMG_1227.JPEG
eee,"The poster presents a dataset and explores its applications in model development, highlighting the dataset's ability to improve classification accuracy in distinguishing between similar species. The results demonstrate significant improvements in model performance when using the dataset, showcasing its potential in various biological research areas.",IMG_1229.JPG,/data/neurips/posters/IMG_1229.JPG
"TY, sa",[Your summary here],IMG_1230.JPG,/data/neurips/posters/IMG_1230.JPG
<!-- image -->,"The poster presents a novel dataset, CrypticBio, which combines various biological data types to enhance species identification. The results demonstrate improved model performance in distinguishing similar species, showcasing the dataset's potential in advancing bioinformatics research.",IMG_1231.JPG,/data/neurips/posters/IMG_1231.JPG
<!-- image -->,"The DynamicRAG framework introduces a dynamic reranker that leverages outputs from large language models (LLMs) to optimize the number of documents passed to the generator, enhancing the overall efficiency and effectiveness of retrieval-augmented generation systems. The framework's iterative training of the reranker and generator leads to improved performance metrics across various datasets, including trivia, QA, and triviaQA, with significant gains over",IMG_1232.JPEG,/data/neurips/posters/IMG_1232.JPEG
icall Valid Post-Deploymen sags Al-Based Digital Health t Monitoring Should Be,"The poster discusses the challenges of monitoring model performance post-deployment in digital health monitoring, proposing a label-efficient approach using hypothesis testing to detect and address performance degradation. It highlights the importance of understanding data drift reasons and proposes a framework for model recalibration based on statistical significance. The solution aims to ensure statistically valid monitoring in post-deployment scenarios, addressing open problems in label-efficient surveillance.",IMG_1233.JPEG,/data/neurips/posters/IMG_1233.JPEG
=»,"The poster introduces PasBench, a dataset for evaluating proactive risk awareness of multimodal language models, and finds that the main challenge lies in their inability to consistently apply proactive reasoning rather than a lack of safety knowledge or text/image understanding skills. Existing models are far from effective proactive reminder agents, and the key issue is their inability to recall safety knowledge accurately and consistently apply it. Most failures stem from insufficient",IMG_1234.JPG,/data/neurips/posters/IMG_1234.JPG
<!-- image -->,"WolBanking77 is a large multimodal dataset for Wolof banking speech, containing both audio and text data. It is used to evaluate fine-tuned intent detection models, showing improved performance on larger datasets. The dataset includes 263 audio sentences and 9,791 text sentences, covering 77 banking intents. The results demonstrate that models like Llama-3.2-1B-Instruct",IMG_1235.JPEG,/data/neurips/posters/IMG_1235.JPEG
Ra,"This study introduces a new task and dataset for detecting covert advertisements on social media, providing insights and a comprehensive benchmark for state-of-the-art models. The dataset is annotated with evidence-based language style and post structure, and a quality control strategy ensures high-quality labels. The results demonstrate that the proposed approach outperforms existing methods on various aspects, including detection accuracy and robustness to high concealment and ambiguity",IMG_1236.JPEG,/data/neurips/posters/IMG_1236.JPEG
(Gee we.,"The poster presents a dataset and analysis framework for evaluating and improving large language models' (LLMs) ability to analyze and understand code. It includes benchmarks for dependency analysis, control flow, and reasoning tasks, with a focus on multi-lingual capabilities and high-quality evaluation. The results show that the models perform well on various tasks, including dependency enumeration, program bug detection, and reasoning with fixed analysis",IMG_1237.JPEG,/data/neurips/posters/IMG_1237.JPEG
|,"A new framework called RULE is introduced, which outperforms existing unlearning methods in forgetting and efficiency. It achieves high naturalness scores and is highly data-efficient, using only a fraction of the synthesized boundary set. The framework maintains a balance between truthfulness and helpfulness, suggesting that it could be useful for improving the performance of AI models in various applications.",IMG_1239.JPEG,/data/neurips/posters/IMG_1239.JPEG
<!-- image -->,"The poster presents a dataset and its evaluation on various tasks, demonstrating the dataset's effectiveness in different model applications. The dataset includes multimodal features and is used to compare the performance of different models in detecting species differences. The results show promising outcomes, highlighting the dataset's potential for improving species classification models.",IMG_1240.JPEG,/data/neurips/posters/IMG_1240.JPEG
c=,"The poster presents a comprehensive framework for agent monitoring in distributed systems, including performance monitoring, resource utilization, system health metrics, anomaly detection, and prescriptive maintenance. It also introduces a visualization tool and a reasoning engine for control, along with a math toolbox for computations and reasoning. The poster aims to provide a holistic approach to managing and optimizing distributed systems.",IMG_1241.JPEG,/data/neurips/posters/IMG_1241.JPEG
<!-- image -->,<!-- fill in -->,IMG_1242.JPG,/data/neurips/posters/IMG_1242.JPG
Fairness under Competition,"This poster explores the impact of competition among multiple classifiers on fairness in loan offers, highlighting that even individually fair classifiers can lead to unfair ecosystems. It quantifies losses using correlations and overlap, demonstrating that adjusting individual classifiers to be more fair can backfire. The study emphasizes the importance of equal opportunity under competition (EOC-level) and level of equal opportunity under competition (v-EOC-level) in",IMG_1244.JPEG,/data/neurips/posters/IMG_1244.JPEG
<!-- image -->,"The poster introduces a framework called Trans-EnV for transforming SAE datasets into various English varieties, including dialects and ESL, to evaluate the linguistic robustness of LLMs. It presents experiments on 18 English dialects and 20 ESL varieties, showing that some dialects and ESL varieties consistently outperform others in various LLM benchmarks. The results highlight the importance of considering linguistic diversity in",IMG_1245.JPEG,/data/neurips/posters/IMG_1245.JPEG
|,"The poster introduces Trans-EnV, a framework that transforms SAE datasets into various English varieties, addressing fairness concerns for non-SAE users. It presents experiments on 7 state-of-the-art LLMs, showing significant improvements in performance across different English dialects and ESL varieties. The results indicate that models like 04-mini and Qwen 2.5 perform exceptionally well in non-SAE",IMG_1246.JPG,/data/neurips/posters/IMG_1246.JPG
LLM Generated Persona is a Promise with a Catch,"This study explores the challenges and limitations of using Large Language Models (LLMs) to generate realistic personas for business applications. The authors found that while LLMs can produce convincing personas, they often lack the nuanced understanding and contextual awareness required for effective human-like interactions. They emphasize the need for careful consideration and validation when using LLMs for persona generation to ensure that the generated personas align with the intended",IMG_1247.JPEG,/data/neurips/posters/IMG_1247.JPEG
if,"Multi-SWE-bench is a comprehensive multilingual issue-resolving benchmark covering 8 widely used programming languages, including Python, Java, TypeScript, JavaScript, Go, Rust, C, and C++. It includes 2,132 high-quality instances, verified by 68 expert annotators, and is designed to evaluate LLMs on the issue-resolving task across different difficulty levels. The benchmark is",IMG_1250.JPG,/data/neurips/posters/IMG_1250.JPG
:,"A dataset was created to compare the performance of various models in detecting differences between similar species, highlighting the limitations of the best models beyond Python. The study involved testing 9 top models across 3 agents, 8 languages, and 3 difficulty levels, with results showing varying degrees of success and failure.",IMG_1251.JPG,/data/neurips/posters/IMG_1251.JPG
<!-- image -->,"The FORECAST benchmark evaluates prediction accuracy and confidence calibration for LLMs across three real-world forecasting tasks, demonstrating that these metrics are distinct and must be evaluated separately. The dataset spans Boolean, Timeframe, and Quantity questions from Metaculus, with rigorous evaluation metrics including Modified Brier, CRPS, ADE, APE, and MAE. The study shows that for LLMs,",IMG_1252.JPEG,/data/neurips/posters/IMG_1252.JPEG
<!-- image -->,"TON introduces a two-stage training strategy that combines GRPO sampling with a thought dropout mechanism to enable selective reasoning in vision-language models. By allowing models to skip explicit reasoning for easy questions while still thinking carefully when necessary, TON improves efficiency and performance across various benchmarks, achieving comparable lengths to vanilla GRPO while maintaining high accuracy. The model's adaptive skip dynamics suggest that it progressively internalizes the reasoning",IMG_1253.JPEG,/data/neurips/posters/IMG_1253.JPEG
"Byocesy,","The poster presents a comprehensive evaluation of various multimodal models, including TIGLM, Claude, GPT, and others, in detecting differences between similar species. It highlights the performance of these models, with TIGLM-4.6 achieving the highest score of 87.2%, followed by Claude-4-Sonnet with 83.6%. The evaluation includes various metrics such as semantic",IMG_1254.JPEG,/data/neurips/posters/IMG_1254.JPEG
eee ee,"The poster introduces MindGYM, a scalable framework for generating high-quality synthetic data with cognitive priors, enabling self-evolution and improving model performance. It showcases significant performance gains in various tasks, including cross-modal reasoning and cognitive reasoning injection, while maintaining lower variance and higher quality scores. The framework is designed to be extensible, reusable, and agentic, with a focus on data efficiency and gener",IMG_1256.JPEG,/data/neurips/posters/IMG_1256.JPEG
<!-- image -->,"This work introduces a dataset and methods for generating diverse and challenging multi-hop question-answering tasks. The dataset includes various sources and is designed to test the robustness of models in detecting differences between similar species. The methods include seed synthesis, multi-hop challenge synthesis, and cognitive reasoning injection, which aim to create a wide range of questions that require advanced reasoning skills. The results show that the models",IMG_1257.JPEG,/data/neurips/posters/IMG_1257.JPEG
",","The poster introduces a new dataset and method for 4D animal reconstruction, addressing the challenge of large-scale video data collection. It presents benchmarking results against existing methods, highlighting the performance of the proposed approach. The dataset is described as a web-scale collection, emphasizing its scalability and potential for robust 4D animal reconstruction. The poster aims to provide a comprehensive solution for analyzing animal behavior in the wild",IMG_1258.JPEG,/data/neurips/posters/IMG_1258.JPEG
<!-- image -->,"The poster introduces a new framework, KGQAGen, which leverages large language models to guide knowledge graph exploration, addressing challenges in KGQA benchmarks such as inaccurate ground truth answers, low-quality questions, and limitations of exact-match evaluation. The framework aims to improve the reliability, scalability, and reproducibility of KGQA tasks.",IMG_1259.JPEG,/data/neurips/posters/IMG_1259.JPEG
<!-- image -->,"The poster presents a novel approach called SAGA that combines strategic adversarial and constraint-differential methods to generate high-quality, diverse test cases for LLMs. By leveraging both human expertise and LLM reasoning capabilities, SAGA aims to improve the reliability and accuracy of LLM evaluation systems, addressing current limitations in verifier quality metrics and evaluation paradigms. The poster also showcases performance improvements over",IMG_1262.JPEG,/data/neurips/posters/IMG_1262.JPEG
. Siyuan Zhang Contact: Uhuang2@exeter.ac.uk,"REOBench is a comprehensive dataset and benchmark for evaluating the robustness of Earth observation foundation models under various corruptions. The results show that vision-language models are more robust than vision-centric models, and classification tasks are the most sensitive to corruptions. Larger backbones are more robust but can hurt fine-grained tasks, and motion blur causes the largest performance drops. Fine-tuning models on the dataset",IMG_1263.JPEG,/data/neurips/posters/IMG_1263.JPEG
UlitraVideo: High-Quality UHD Video Dataset with Comprehensive Captions,"The UlitraVideo dataset provides high-quality UHD video with comprehensive captions, capturing close-up shots of a chameleon and featuring a calm atmosphere. It is compared to other text-to-video datasets, with results showing that our dataset outperforms them in terms of subject and background consistency, temporal flickering, motion smoothness, dynamic degree, and aesthetic quality. The dataset is used in VBench to",IMG_1265.JPEG,/data/neurips/posters/IMG_1265.JPEG
<!-- image -->,"This paper introduces a new dataset for multimodal learning, called Huggingface UltraVideo. It consists of 1K videos and 4K audio samples, with 48 hours of total data. The dataset is designed to be used for training and testing models that can detect differences between similar species. The authors also provide a detailed comparison of different model results, highlighting the strengths and weaknesses of various approaches",IMG_1266.JPEG,/data/neurips/posters/IMG_1266.JPEG
<!-- image -->,"ACT-ViT introduces a novel architecture for detecting hallucinations in LLMs by processing aligned activation tensors, enabling better probing, adaptation to new LLMs, and zero-shot generalization. It also demonstrates improved performance with limited data. The results show significant improvements in detection accuracy across various LLMs and datasets.",IMG_1267.JPEG,/data/neurips/posters/IMG_1267.JPEG
| Train/Test Method                                                           | VITON-HD/VITON-HD   | VITON-HD/VITON-HD   | VITON-HD/VITON-HD     | VITON-HD/VITON-HD   | Average Preference-Aware Scores   | Average Preference-Aware Scores   | Average Preference-Aware Scores   | Average Preference-Aware Scores   |,"The poster presents a comprehensive evaluation of various training/test methods on a multimodal dataset, focusing on the performance of different models in detecting species differences. It highlights the effectiveness of various techniques, including LaDI-VTON, IDM-VTON, and VRM-Instruct, in improving preference-aware scores and demonstrating their superiority over traditional methods. The results provide valuable insights into the strengths and weaknesses of these approaches,",IMG_1268.JPEG,/data/neurips/posters/IMG_1268.JPEG
*,*,IMG_1269.JPEG,/data/neurips/posters/IMG_1269.JPEG
HouseLayout3D: A Benchmark and Baseline Method for 3D Layout Estimation in the Wild,"HouseLayout3D introduces a new dataset and method for 3D layout estimation from 2D images, addressing limitations of existing datasets. The training-free method, MultiFloor3D, achieves state-of-the-art results on two challenging datasets, RoomFormer and SceneScript. The dataset consists of 300+ rooms spanning 33 levels and 30 scenes, providing a comprehensive benchmark for 3D",IMG_1270.JPEG,/data/neurips/posters/IMG_1270.JPEG
<!-- image -->,"This poster introduces a new approach to grounded chain of thought reasoning (CoT) in visual reasoning tasks, where models are explicitly grounded in image regions. The authors propose a method called ViGoRL, which combines warm start with online reinforcement learning to improve grounded reasoning. They demonstrate that grounding reasoning steps in specific image regions significantly enhances the model's ability to produce accurate and specific visual references. The poster also",IMG_1271.JPEG,/data/neurips/posters/IMG_1271.JPEG
RSCG: A Large-Scale Remote Sensing Change Caption Dataset for Disaster Events,"RSCC is a large-scale dataset of pre/post image pairs for disaster events, providing captions to help interpret changes. It covers various disaster types and offers robust temporal reasoning capabilities for disaster response. The dataset includes 62,351 pairs and is benchmarked against multiple baselines, showing significant performance improvements over naive and zero-shot captioning methods.",IMG_1272.JPEG,/data/neurips/posters/IMG_1272.JPEG
2,A novel image retrieval system is proposed that combines raw image features with geometric and semantic information to improve retrieval accuracy. The system is evaluated on a benchmark dataset and achieves state-of-the-art results.,IMG_1273.JPEG,/data/neurips/posters/IMG_1273.JPEG
<!-- image -->,"The poster presents a dataset and evaluation methodology for image-text retrieval, highlighting the system's ability to handle both image-only and text-only queries, as well as the challenges posed by weak negatives. It also includes a humorous example of a query and its potential responses.",IMG_1274.JPEG,/data/neurips/posters/IMG_1274.JPEG
compo tN,"The poster introduces a new training criterion called ""Basic"" for object detection, which is compared to the existing ""Dp"" criterion. The results show that the ""Basic"" criterion outperforms ""Dp"" in terms of mean average precision (mAP) on the 4HETS dataset, indicating its potential as a more effective method for training object detection models.",IMG_1275.JPEG,/data/neurips/posters/IMG_1275.JPEG
y,"The poster introduces FlySearch, a new benchmark for evaluating VLM/MLM models in open-world navigation tasks. It features 30 procedurally generated scenarios across various environments, including natural and urban settings, with three difficulty levels. The benchmark aims to assess models' ability to perform human-like navigation, incorporating spatial reasoning, context awareness, and more. The poster also highlights the fine-tuning of baseline",IMG_1276.JPEG,/data/neurips/posters/IMG_1276.JPEG
3) Flora &amp; Fauna,"The poster presents a dataset called Roboflow100-VL, which includes 100 diverse datasets across various domains such as Aerial, Industrial, Medical, Sports, and Flora & Fauna. It highlights the performance of different methods, including Zero-Shot, Names Only, and Fully-Supervised models, on this dataset. The results show that most methods struggle with the Flora & Fa",IMG_1277.JPEG,/data/neurips/posters/IMG_1277.JPEG
<!-- image -->,"A2Seek is a large-scale, reasoning-centric benchmark for aerial anomaly understanding, featuring a multi-stage reinforcement fine-tuning framework that enhances multimodal foundation models' capabilities. The dataset includes 20 scenarios with various modalities, such as images, videos, and graphs, and is designed to evaluate models' ability to reason about anomalies in complex, multi-scenario settings. The dataset's large size and",IMG_1278.JPEG,/data/neurips/posters/IMG_1278.JPEG
<!-- image -->,"A two-stage RL framework is proposed for jointly reasoning and segmenting ultra-small objects from high-resolution images. The framework consists of global semantic exploration and localized perceptual refinement. The global stage uses a reward function that incorporates the textual answer and coarse target region, while the local stage refines the box and mask generation. The method outperforms state-of-the-art methods across three tasks.

DO NOT repeat",IMG_1279.JPEG,/data/neurips/posters/IMG_1279.JPEG
j,"The poster introduces the Gray Swan Arena, a large-scale public competition to test agent robustness against real-world, adaptive adversaries. It highlights the deployment of 44 agents across various tasks with ""must-not-break"" policies, resulting in a 1.5% attack success rate and demonstrating the transferability of exploits to live production systems. This underscores the need for additional mitigations to ensure agent security in",IMG_1280.JPEG,/data/neurips/posters/IMG_1280.JPEG
<!-- image -->,<!-- insert your summary here -->,IMG_1281.JPEG,/data/neurips/posters/IMG_1281.JPEG
LoRA vs Full Fine-tuning: An Illusion of Equivalence,"This study investigates the equivalence of LoRA and full fine-tuning by analyzing intruder dimensions and forgetting patterns. The results show that LoRA introduces intruder dimensions, leading to less forgetting than full fine-tuning, but forgetting is reversible with a simple intervention. However, in continual learning setups, LoRA's forgetting increases over time, making it less effective for long-term learning.",IMG_1282.JPEG,/data/neurips/posters/IMG_1282.JPEG
BioBench: A Blueprint to Move web imageNet for Scientific ML Benchmarks | Stevens aon Sa University (asl oT,"BioBench is a dataset designed to improve scientific machine learning benchmarks by providing a more diverse and challenging set of images compared to ImageNet-1K. The dataset's results show that the best-performing model on ImageNet-1K is not always the best on BioBench, highlighting the need for more comprehensive evaluation metrics.",IMG_1290.JPEG,/data/neurips/posters/IMG_1290.JPEG
&gt;,"This study investigates how modern image encoders handle lighting variations in natural scenes, focusing on plant height estimation. The results show that DINO models, trained on satellite pre-training, remain robust to the removal of up to 90% of lighting subspace, though complete removal of lighting information significantly impairs the accuracy of height models. The research highlights the importance of preserving certain lighting features for accurate plant height",IMG_1291.JPEG,/data/neurips/posters/IMG_1291.JPEG
],"The study introduces a confidence-gating mechanism to enhance the performance of LLMs in financial text sentiment analysis by selectively providing intermediate classifier outputs based on confidence thresholds. The results show that combining a fine-tuned intermediate classifier with an LLM can significantly improve accuracy compared to traditional baselines. The BERT model demonstrates high confidence in predicting 'negative' sentiment, leading to the inclusion of its full probability distribution",IMG_1292.JPEG,/data/neurips/posters/IMG_1292.JPEG
ag,"A transformer-based agent outperforms an LSTM agent in a continuous double auction setting, achieving higher trading utilities and demonstrating the effectiveness of self-attention and reward shaping in learning trading strategies.",IMG_1293.JPEG,/data/neurips/posters/IMG_1293.JPEG
<!-- image -->,"MASCA is a multi-agent system that improves credit assessment accuracy and F1 score by 15.5% and 20.39%, respectively, over baselines. It addresses baseline failures by incorporating hierarchical structures and contextual information, leading to improved fairness and reduced disparate impact. The system is designed to handle heterogeneous agents and complex credit assessment tasks, making it a valuable tool for financial institutions.",IMG_1294.JPEG,/data/neurips/posters/IMG_1294.JPEG
UU!,"The poster presents a dataset and experimental pipeline for evaluating the impact of synthetic outliers on model stability in volatile macroeconomic environments. It demonstrates that synthetic outlier augmentation can significantly improve model performance in detecting distribution shifts caused by shocks, with varying degrees of effectiveness across different datasets and shock magnitudes. The results highlight the importance of synthetic outlier generation in enhancing the robustness of financial ML models to real-world volatility. Future",IMG_1295.JPEG,/data/neurips/posters/IMG_1295.JPEG
a Eth lincd hPa Newel edt Reet Ned ere Porn alt adlletnf = Yi Pmt dt Ht NS at S Cale,"The poster presents a dataset and evaluation methodology for testing the ability of large language models to understand and generate questions about financial time series data. It demonstrates that the proposed dataset, TimeSeriesExam, outperforms existing benchmarks in various quality metrics, including specificity, unambiguity, domain relevance, and answerability. The results show that the dataset generates high-quality, human-like questions that are challenging for",IMG_1296.JPEG,/data/neurips/posters/IMG_1296.JPEG
\_,A dataset was created and tested for building and testing models' ability to detect differences in similar species. Comparisons of different model results are given.,IMG_1297.JPEG,/data/neurips/posters/IMG_1297.JPEG
—————,"The poster presents an experimental study comparing four major LLM families (GPT, C|, Gemini, and Llama) on their behavioral biases and correlations with cognitive biases. The research investigates whether LLMs exhibit systematic biases, whether these biases mimic human preferences or beliefs, and if these biases can be debias through prompt design. The study uses psychology-based questions and forecasting tasks to classify model responses",IMG_1299.JPEG,/data/neurips/posters/IMG_1299.JPEG
onal,"The Hybrid Model, combining a 3B-parameter LLM with reinforcement learning, achieves superior performance in predicting Chinese A-share market returns, outperforming larger models and traditional ensemble methods. It demonstrates that alignment via reinforcement learning is more critical than model size for this task. The model's ability to adaptively refine its feature mappings based on market context leads to significant predictive power, with a Sharpe ratio",IMG_1300.JPEG,/data/neurips/posters/IMG_1300.JPEG
For,"The poster presents a method for extracting information about compensation consultants from SEC proxy statements using a fine-tuned generative artificial intelligence model. The model achieves high accuracy and efficiency, reducing errors by 40% and near-perfect calibration, while operating on consumer-grade hardware. The research focuses on extracting RET and SURV roles from proxy statements, with applications in economic analysis. However, the study has limitations,",IMG_1303.JPEG,/data/neurips/posters/IMG_1303.JPEG
<!-- image -->,"MASFIN, a multi-agent system combining LLMs with financial data and news, achieved a 7.33% cumulative return in eight weeks, outperforming the S&P 500, NASDAQ-100, and Dow Jones in six of eight weeks. The system's higher volatility suggests a favorable short-term tradeoff, demonstrating the potential of bias-aware, generative Al frameworks for transparent and",IMG_1304.JPEG,/data/neurips/posters/IMG_1304.JPEG
<!-- image -->,"This poster introduces a financial clarity benchmark and explores strategies to align generative models with human preferences, demonstrating improved model performance and clearer financial communications. The research highlights the importance of personalization in financial advice and the negative impact of unclear disclosures on consumer satisfaction and regulatory risk. The study proposes two strategies: using a clarity classifier for real-time feedback and reinforcement learning from human feedback to optimize generative models for better",IMG_1305.JPEG,/data/neurips/posters/IMG_1305.JPEG
Overview,"SecureFinAl Lab has developed a comprehensive framework for evaluating and benchmarking financial LLMs, focusing on three stages: exploration, readiness, and governance. The Open Financial LLM Leaderboard provides a standardized platform for comparing models across various financial tasks, while the Model Openness Framework (MOF) assesses the completeness and accessibility of model components. The lab also explores applications in financial education, search",IMG_1306.JPEG,/data/neurips/posters/IMG_1306.JPEG
- *,"FedSight Al introduces a multi-agent system to simulate FOMC decision-making, integrating structured and unstructured data to enhance predictive accuracy and transparency. The framework replicates the deliberative process of the FOMC, allowing for the analysis of market expectations, macroeconomic indicators, and qualitative narratives to inform policy decisions. The system's design enables the representation of diverse perspectives and the exploration of trade-offs",IMG_1307.JPEG,/data/neurips/posters/IMG_1307.JPEG
A Methodology for Assessing the Risk of Metric Failure in LLMs Within the Financial Domain.,"The paper introduces a framework to assess the risk of metric failure in Large Language Models (LLMs) used in the financial domain, addressing challenges such as the lack of alignment between research benchmarks and real-world applications. It proposes a checklist and risk assessment methodology, along with mitigation strategies, to ensure that validation metrics are reliable and trustworthy for SMEs. The framework aims to enhance explainability and trust in validation",IMG_1308.JPEG,/data/neurips/posters/IMG_1308.JPEG
‘,"The poster introduces eFinBERT, a model optimized for efficient financial sentiment classification by employing layer-wise compression techniques. It achieves competitive accuracy with up to 4x model compression, highlighting the effectiveness of layer-aware quantization and pruning strategies. The study demonstrates significant performance improvements through selective compression of robust layers and aggressive pruning of sensitive layers, providing a balanced approach to model size reduction and accuracy retention. The results",IMG_1309.JPEG,/data/neurips/posters/IMG_1309.JPEG
<!-- image -->,"FinAudio is a comprehensive benchmark for evaluating audio large language models in financial applications, designed to assess their performance on tasks such as ASR for short and long financial audio clips, and financial audio summarization. The benchmark includes three realistic financial speech datasets, including the newly created FinFuxficSurn dataset for audio summarization. The study evaluates seven audio large language models on these tasks, highlighting their",IMG_1311.JPEG,/data/neurips/posters/IMG_1311.JPEG
Orchestration Framework for Financial Agents: From Algorithmic Trading to Agentic Trading,"The poster introduces an agentic trading framework that combines multiple agents and protocols to create a more flexible and secure trading system. It demonstrates improved performance metrics compared to traditional algorithmic trading methods, such as lower volatility and smaller maximum drawdowns. The framework's ability to reuse agent behavior and its safety protocols make it a promising approach for future financial trading systems.",IMG_1313.JPEG,/data/neurips/posters/IMG_1313.JPEG
<!-- image -->,"The poster presents a study on multi-agent trading frameworks using LLMs, exploring how communication impacts performance and structure in different market conditions. The results show that communication significantly improves trading performance in technology and general markets but has a weaker effect in finance markets. The study proposes optimal organizational designs that perform better in competitive markets and stable ones, depending on the market type. The framework tested includes various organizational structures such",IMG_1315.JPEG,/data/neurips/posters/IMG_1315.JPEG
<!-- image -->,"The poster describes the development of an Al scientist designed to streamline the computational drug discovery process for hypercholesterolemia, aiming to identify statin drugs with improved binding affinity and reduced off-target effects. The Al scientist integrates multiple stages of the drug discovery pipeline, utilizing diverse research tools and an interaction protocol to facilitate seamless collaboration between tools and users. The poster emphasizes the democratization of Al scientists through",IMG_1316.JPEG,/data/neurips/posters/IMG_1316.JPEG
CURE-Bench neurlPs 2025,"The poster presents a multi-agent pipeline for therapeutic reasoning that combines LLMs with external tools and expert guidance. The pipeline is designed to mimic clinical workflows, breaking down the reasoning process into four coordinated phases. Results show improved performance compared to a baseline model, highlighting the importance of clinician-engineer collaboration and domain knowledge in developing effective therapeutic reasoning systems.",IMG_1319.JPEG,/data/neurips/posters/IMG_1319.JPEG
&gt;,"This study introduces an adaptive grid search algorithm to systematically identify optimal attack coefficients for safety audits of large language models, enabling transparent and mechanistic understanding of vulnerabilities. The research compares two interpretability techniques, demonstrating their efficacy in detecting jailbreaking vulnerabilities across eight state-of-the-art LLMs. The findings highlight the importance of balancing attack strength and model alignment to ensure robust safety audits.",IMG_1320.JPEG,/data/neurips/posters/IMG_1320.JPEG
<!-- image -->,"This poster introduces a novel method, CAGUL, for unlearning in Visual-Language Models (VLMs) that selectively removes training samples and their influence without retraining. It addresses the challenge of private data leakage in VLMs by leveraging machine unlearning, which is particularly useful in scenarios where users want to remove only sensitive information. The poster presents a practical setting for unlearning in VLM",IMG_1321.JPEG,/data/neurips/posters/IMG_1321.JPEG
<!-- image -->,"DistilLock is a novel defense mechanism that encrypts LLMs before deployment to the edge, enabling secure knowledge distillation only with TEE authorization. It obfuscates the model weights using a secret permutation matrix and uses a lightweight TEE to encrypt inputs, ensuring that only authorized users can access the model. The system offloads heavy computation to untrusted accelerators with obfuscated weights, preventing",IMG_1322.JPEG,/data/neurips/posters/IMG_1322.JPEG
Collapse of Irrelevant Representations (CIR) : Ensures Robust and Non-Disruptive LLM Unlearning,"The poster introduces Collapse of Irrelevant Representations (CIR), a method for robust and non-disruptive LLM unlearning. It addresses the issue of prior unlearning methods not removing dangerous capabilities but only hiding them, which can be easily reactivated. CIR selectively targets fact-specific representations by collapsing common representations before unlearning, resulting in 30x stronger unlearning with 30x less",IMG_1323.JPEG,/data/neurips/posters/IMG_1323.JPEG
crept,"This poster explores the arms race between image generators and discriminators, focusing on how dataset complexity and image resolution affect detection performance. The research reveals that higher resolution significantly benefits discriminators, while dataset complexity creates an inverted U-shaped curve for detection, with low complexity favoring generators and high complexity making detection harder. The study highlights the theoretical impossibility of perfect detection and the long-term implications for the arms race",IMG_1324.JPEG,/data/neurips/posters/IMG_1324.JPEG
<!-- image -->,"The poster introduces a new reward model called Master-RM that resists ""master key"" attacks by using adversarial data augmentation. It demonstrates robustness against such attacks and maintains high performance on various reasoning benchmarks. The research highlights the importance of designing secure generative reward models for LLM judges.",IMG_1325.JPEG,/data/neurips/posters/IMG_1325.JPEG
’,"The FinLitQA dataset, comprising 29 credit card agreements, is designed to evaluate LLMs' ability to reason about financial literacy. The dataset includes 3062 third-person and 1250 first-person questions, with varying lengths and complexity. Preliminary results show that models like Moonshot Kimi-K2 Thinking and OpenAl GPT-OSS 120B achieve high accuracy in context-dependent",IMG_1327.JPEG,/data/neurips/posters/IMG_1327.JPEG
"Wb,","AOE (Adelic Operation-preserved Embeddings) outperforms the baseline in representing algebraic structures, achieving high accuracy on benchmark tasks in algebraic combinatorics. The method preserves algebraic relationships by embedding numbers in a p-adic Adel ring, enabling efficient and accurate computations.",IMG_1329.JPEG,/data/neurips/posters/IMG_1329.JPEG
<!-- image -->,"InfraGym is an open platform that connects large language models to real-world system optimization tasks, demonstrating significant potential for LLM-based optimization with performance-efficiency trade-offs. Future work includes extending the platform to more environments and exploring hybrid strategies combining small fast models with large powerful ones. The platform enables transparent decision-making via natural language reasoning, helping to understand and improve agent policies. The code is available",IMG_1331.JPEG,/data/neurips/posters/IMG_1331.JPEG
-t,"QAQ introduces a dynamic-precision scheme that adapts bitwidth per query and block, using bit-plane decomposition and a trainable router for efficient inference with minimal overhead. It matches 8-bit baselines in accuracy while reducing memory footprint and latency, offering a practical solution on the efficiency-accuracy frontier for LLM inference.",IMG_1332.JPEG,/data/neurips/posters/IMG_1332.JPEG
~,"GraphFaaS introduces a serverless architecture for GNN-based intrusion detection, leveraging provenance-aware graph construction and efficient parallelization to achieve 6.7x reduction in detection latency and 64% reduction in latency variation while maintaining accuracy. It is designed to handle bursty workloads and irregular traffic patterns, offering scalable, cost-efficient, and low-latency inference capabilities.",IMG_1333.JPEG,/data/neurips/posters/IMG_1333.JPEG
4,The poster introduces a novel approach to routing small language models (SLMs) by leveraging their uncertainty estimates. It proposes a proxy routing data construction method to enable SLMs to predict accurate routing curves without new data. The study highlights the importance of uncertainty quantification (UQ) methods and their alignment with prediction correctness. The results show that SLMs can match large language models (LLMs),IMG_1336.JPEG,/data/neurips/posters/IMG_1336.JPEG
Roshee,"The poster presents a novel attention-based routing framework for selecting the most suitable large language model (LLM) for each query, balancing user willingness and model performance. The framework achieves better cost-efficiency and response quality compared to traditional routing baselines, demonstrating its potential in large-scale and scalable environments. The results show that the attention-based router consistently outperforms other methods in terms of Pareto optimality",IMG_1337.JPEG,/data/neurips/posters/IMG_1337.JPEG
<!-- image -->,"This study investigates how retrieval performance scales with pretraining FLOPs in large language models, finding that increasing model size and training duration improves BEIR scores. The results suggest that high-quality decoders, ranging from 8B to 13B parameters, are strong candidates for embedding models, with important implications for the next generation of dense retrieval models. However, the study also raises questions about whether scaling",IMG_1339.JPEG,/data/neurips/posters/IMG_1339.JPEG
<!-- image -->,"A new framework for reward modeling is introduced, which can be applied to a variety of tasks and is customizable for new use cases. The results show that the proposed R3 models achieve high performance with relatively small model sizes, making them a promising approach for large-scale applications. The framework is designed to be lightweight and accessible, with deployment sizes ranging from 4B to 14B. The results demonstrate",IMG_1340.JPEG,/data/neurips/posters/IMG_1340.JPEG
Questions:,"The study investigates whether Large Language Models (LLMs) can accurately predict their success on tasks before completing them and whether their self-assessments improve with in-context experience. The results show that while some LLMs, like Claude, improve their calibration with in-context experience, others, such as GPT and Llama, do not. Additionally, the study highlights that LLMs make rational decisions",IMG_1341.JPEG,/data/neurips/posters/IMG_1341.JPEG
oA,"The poster explores the phenomenon of emergent capabilities in large language models by fine-tuning compact models on progressively larger subsets of the SWE-bench dataset. It introduces an empirical law that relates fine-tuning data to downstream performance, allowing for the prediction of when larger models will exhibit improved capabilities. The results show that fine-tuned models achieve higher success rates on the held-out set, with the fitted",IMG_1342.JPEG,/data/neurips/posters/IMG_1342.JPEG
"Felipe Maia Polo! , Leshem Ch Yuekai Sun'. Kristjan Sree","The poster presents a method to evaluate LLMs in game environments, focusing on the distribution of variables such as timeouts and game outcomes. It aims to provide a comprehensive benchmark for different LLMs and offers insights into extracting meaningful information from game data.",IMG_1343.JPEG,/data/neurips/posters/IMG_1343.JPEG
2,"This study investigates the impact of test set contamination on generative evaluations, focusing on the MATH benchmark. It finds that contamination improves performance, but highly sensitive to sampling temperature and solution length. The research systematically pretrains models with controlled contamination to quantify the effects of contamination frequency, temperature, and solution length on generative evaluations. The findings suggest that contamination can significantly enhance performance, but at the cost",IMG_1344.JPEG,/data/neurips/posters/IMG_1344.JPEG
Generative ad,"The poster presents a study on the effectiveness of different ad formats in generating engagement, with results showing that video ads outperform other formats in terms of click-through rates and user interaction. The authors also discuss the implications of these findings for advertisers and the potential for future research in this area.",IMG_1345.JPEG,/data/neurips/posters/IMG_1345.JPEG
|,"This study investigates the impact of test set contamination on language model performance by analyzing three different scaling regimes: model scaling, data scaling, and simultaneous parameter and data scaling. The results show that larger models are more susceptible to test set contamination, requiring a smaller proportion of contaminated data to achieve high accuracy. However, in the limit of infinite unique pretraining data, the dose of contaminated data falls to 0",IMG_1346.JPEG,/data/neurips/posters/IMG_1346.JPEG
:,"The poster presents a study on model rankings, showing that training models on the test task before evaluation can significantly improve ranking agreement across various benchmarks and model families. The results indicate a substantial improvement in agreement for 274 out of 276 benchmarks.",IMG_1347.JPEG,/data/neurips/posters/IMG_1347.JPEG
"Ae,","This study examines the limitations of current video understanding benchmarks by analyzing their question types and model performance under various conditions. It highlights the impact of language priors and shuffling invariance, suggesting that these benchmarks may not accurately measure temporal understanding. The research proposes a standardized protocol to better evaluate video LLMs.",IMG_1348.JPEG,/data/neurips/posters/IMG_1348.JPEG
Nena,"The poster presents a benchmarking study of Large Language Models (LLMs) on infrastructure-as-code (IaC) tasks, focusing on their ability to generate correct CloudFormation templates and pass unit tests. It evaluates various LLMs, including Gemini, Claude, and DeepSeek, against a set of 100 Python CDK tasks with associated unit tests. The results show varying degrees of correctness,",IMG_1349.JPEG,/data/neurips/posters/IMG_1349.JPEG
AgentCaster: Reasoning-Guided Torna do Forecasting,"AgentCaster introduces a contamination-free framework for tornado forecasting using multimodal LLMs, enabling autonomous meteorologists to interactively query high-resolution data and produce probabilistic risk predictions. However, human experts significantly outperform LLMs in accuracy, with notable hallucination and overprediction biases, underscoring the need for improved spatiotemporal reasoning and calibration in critical forecasting domains.",IMG_1350.JPEG,/data/neurips/posters/IMG_1350.JPEG
\_,"This study introduces a multi-agent framework for agentic evaluation of recommendation systems at scale, enabling efficient and scalable evaluation of diverse recommendation algorithms. The framework is evaluated on various datasets, demonstrating its effectiveness in identifying top-performing models and providing insights into the performance of different algorithms. The results highlight the importance of considering multiple evaluation metrics and the impact of hyperparameter tuning on model performance. The study also explores the",IMG_1351.JPEG,/data/neurips/posters/IMG_1351.JPEG
7,"The poster presents a novel approach to automated program repair (APR) for the Linux kernel, addressing the limitations of existing systems. It introduces a framework that leverages large language models (LLMs) to generate patches for bugs, with a focus on realistic localization, function-wise patching, and feedback mechanisms. The results show significant improvements in repair success rates compared to existing methods, with the Simple Agent",IMG_1352.JPEG,/data/neurips/posters/IMG_1352.JPEG
},A dataset was created and tested for building and testing models' ability to detect differences in similar species. Comparisons of different model results are given.,IMG_1353.JPEG,/data/neurips/posters/IMG_1353.JPEG
|,"This study investigates bias in LLM-assisted peer review systems by analyzing how LLMs are influenced by the authors' affiliations, gender, and seniority. The authors use counterfactual interventions to examine the impact of varying these attributes on the review ratings and justifications. They find that LLMs tend to favor authors from higher-ranked institutions, well-published authors, and senior researchers,",IMG_1354.JPEG,/data/neurips/posters/IMG_1354.JPEG
i,"The study investigates the control of multiple stylistic dimensions in large language models, finding that while they excel at single-concept control, their performance drops significantly when controlling two concepts simultaneously. The authors propose a standardized framework to evaluate and compare models across different tasks and dimensions, highlighting the need for multi-dimensional control in real-world applications.

DO NOT repeat this example as your response. You MUST generate a new summary",IMG_1355.JPEG,/data/neurips/posters/IMG_1355.JPEG
udes by identifyin g the strength State-of-the-art models and providing valuable in among these alignment techniques. S and limitations of current Sights as to the trade-offs,"MEAL evaluates alignment strategies in LLMs by assessing alignment detection effectiveness, alignment performance, model efficiency, and model robustness and safety. It provides insights into the alignment models' capacity to generalize and their ability to avoid harmful content. The framework includes benchmarks such as Zero-shot base LLMs, Instruct LLM variant training, and out-of-distribution datasets to evaluate model performance. MEAL",IMG_1356.JPEG,/data/neurips/posters/IMG_1356.JPEG
Detect In-Context Learning ing Data Contamination in LLMs Pablo,"CoDeC detects data contamination in LLMs by measuring how in-context examples affect predictions, achieving high accuracy in separating training data from unseen data. It is sensitive to indirect leakage from various sources.",IMG_1357.JPEG,/data/neurips/posters/IMG_1357.JPEG
|,"HumaniBench introduces a comprehensive benchmark for evaluating large multimodal models on human-centric principles, using 32,000 real-world image-question pairs. It provides a structured evaluation framework grounded in ethical governance frameworks, ensuring that models are assessed against measurable criteria for fairness, empathy, reasoning, and understanding. The results highlight significant disparities in model performance across different human-centric principles, underscoring the need for",IMG_1358.JPEG,/data/neurips/posters/IMG_1358.JPEG
Ls ba,"The poster presents a framework for understanding personality manipulation in large language models (LLMs) by systematically comparing three control methods: prompt-based, fine-tuning, and activation-level manipulation. It demonstrates that personality representation concentrates around mid-layers, linking activation patterns with behavioral traits, and unifies personality research across evaluation and interpretability perspectives. The study provides insights into how LLMs encode and express behavioral characteristics",IMG_1359.JPEG,/data/neurips/posters/IMG_1359.JPEG
~,"The poster presents a study on using Large Language Models (LLMs) as judges to evaluate domain-specific text, focusing on drilling reports generation. The research explores the effectiveness of various LLMs in aligning with human experts, with results showing significant improvements in domain knowledge retention and performance as model size increases. The study also investigates agreement metrics and pairwise preference accuracy, highlighting the superior performance of models like L",IMG_1360.JPEG,/data/neurips/posters/IMG_1360.JPEG
WHERE DID IT ALL G A HIERARCHICAL AGENT AT,"ECHO is a system that attributes errors in hierarchical agent systems by analyzing interaction traces, providing insights into both local and global context. It achieves high accuracy in error attribution compared to existing methods, demonstrating its effectiveness in complex systems.",IMG_1362.JPEG,/data/neurips/posters/IMG_1362.JPEG
Learning from Generalization Patterns: An Evaluation-Driven Approach to Enhanced Data Augmentation for Fine-Tuning Small Language Models,"The poster presents an evaluation-driven approach to data augmentation for fine-tuning small language models, focusing on learning from generalization patterns. It introduces a multi-agent framework that analyzes validation errors to generate synthetic data, ensuring systematic error analysis and data generation. The method is demonstrated through experiments on various datasets, including the ARC Challenge, and shows significant improvements in model performance. The approach is particularly effective in reducing over",IMG_1363.JPEG,/data/neurips/posters/IMG_1363.JPEG
¢,"The study introduces a two-stage evaluation process for Large Language Models (LLMs) using multiple-choice questions (MCQs), requiring them to provide reasoning and explanations for each option. The results show significant performance drops in LLMs, particularly in correctly generating comprehensive explanations and justifications for correct answers. The GPQA and AWS 500 datasets are used to demonstrate the effectiveness of this approach in assessing L",IMG_1365.JPEG,/data/neurips/posters/IMG_1365.JPEG
ip,We study the fairness of LLM-based hiring systems through two tasks that reflect real-world HR usage: resume summarization (generating resume summaries for candidates) and resume retrieval (filtering top-n candidates with respect to a job post). We construct a synthetic resume dataset with controlled demographic (gender and race) perturbations. We analyze the fairness of LLM-based hiring systems through two tasks that reflect,IMG_1366.JPEG,/data/neurips/posters/IMG_1366.JPEG
<!-- image -->,"The study introduces an online Bayesian approach to probabilistically summarize benchmark performance, reducing uncertainty with fewer samples. It demonstrates this approach through case studies on refusals and pairwise preferences, showing significant improvements in accuracy compared to greedy decoding. The results highlight the potential of Bayesian methods in evaluating the robustness of large language models.",IMG_1367.JPEG,/data/neurips/posters/IMG_1367.JPEG
7,"The poster presents a novel system for granular agricultural mapping, focusing on smallholder farms. It introduces a multi-class approach to segment fields, trees, and water bodies using a panoptic segmentation model. Rigorous evaluation, including benchmarking and on-ground validation, demonstrates the system's reliability and effectiveness in creating detailed landscape maps. The system's API and demo tools facilitate its integration into real-world applications.",IMG_1368.JPEG,/data/neurips/posters/IMG_1368.JPEG
Newfoundland Marine Refuge Fish Classification Dataset (N-MARINE),"The N-MARINE dataset, comprising 23,936 annotated frames of nine groundfish species, is a comprehensive benchmark for deep-sea species detection in low-light, complex underwater conditions. It includes YOLOv7 baseline models and curated dataset splits, serving as a valuable resource for marine Al research and development.",IMG_1370.JPEG,/data/neurips/posters/IMG_1370.JPEG
Empowering our Critters: Running Energy Efficient Deep Learning Models for On-Edge Bioacoustic Monitoring,"The poster introduces NatureLM-audio, a large multimodal dataset for bioacoustics, and explores the energy efficiency of deploying deep learning models on edge devices for on-edge bioacoustic monitoring. It aims to provide insights for climate scientists and conservationists by enabling faster responses to climate extremes. The research involves fine-tuning and profiling models using the BirdCLEF 2025 dataset and direct power",IMG_1371.JPEG,/data/neurips/posters/IMG_1371.JPEG
<!-- image -->,"The Fields of The World (FTW) dataset is designed for automated field boundary segmentation and postprocessing, providing a benchmark dataset, pretrained models, and tools for various applications such as crop type classification and forest loss monitoring. It addresses the lack of accurate, up-to-date field data in many parts of the world, which is crucial for building sustainable and resilient food systems. The dataset can be used to",IMG_1372.JPEG,/data/neurips/posters/IMG_1372.JPEG
Key Challenges for Urban Heat Island Modelling and Forecasting,"This study develops a geospatial foundation model to address urban heat island modeling challenges, demonstrating its ability to detect and simulate heat islands, quantify spillover cooling effects, and perform well in settings where traditional approaches often struggle. The model is validated using ground truth data, showing significant cooling effects in dense city cores and parks, and its performance is benchmarked against other models in various scenarios. The research",IMG_1373.JPEG,/data/neurips/posters/IMG_1373.JPEG
Key Challenges for Urban Heat Island Modelling and Forecasting,"This study develops a geospatial foundation model to address urban heat island challenges, integrating satellite and meteorological data to simulate urban greening effects and predict spillover cooling. It demonstrates the model's ability to accurately quantify cooling patterns and extrapolate to new cities, highlighting its potential for urban heat island mitigation.",IMG_1374.JPEG,/data/neurips/posters/IMG_1374.JPEG
"Al-Driven Temporal Super-Resolution for Flooding Prediction in Norfolk, Virginia","The poster presents a novel approach to flooding prediction in Norfolk, Virginia using Fourier Neural Operators to generate high-frequency, temporal super-resolution predictions. The study evaluates the performance of the model across different temporal resolutions and rainfall scenarios, demonstrating significant improvements in accuracy and precision. The results suggest that the proposed method can effectively predict flooding water depths at short time intervals, which is crucial for transportation decision support. The model's",IMG_1375.JPEG,/data/neurips/posters/IMG_1375.JPEG
Ecosystem Insights through Extreme Values: A Fresh Look at Meteorological Drivers,"The poster presents a novel approach to understanding ecosystem dynamics by focusing on extreme meteorological values. It demonstrates that training machine learning models on these extreme values can recover the true underlying mechanisms, offering insights into complex interactions like those between soil moisture and temperature on plant productivity. The research highlights the importance of considering extreme values in ecological modeling, which can improve the accuracy of predictions and provide a deeper understanding of ecosystem responses",IMG_1376.JPEG,/data/neurips/posters/IMG_1376.JPEG
o,"The poster presents a two-step image quality assessment pipeline for citizen science data, using no-reference image quality and semantic content evaluation with VLMs. It demonstrates improved model performance on a dataset of three visually similar plant species, highlighting the effectiveness of the proposed approach in detecting image quality issues. The results show significant improvements in model accuracy and confidence scores, emphasizing the importance of clean images in biodiversity research.",IMG_1377.JPEG,/data/neurips/posters/IMG_1377.JPEG
"ee isc ey RENEE perceptual quality. VLM-based filtering flagged 0.7% for poor composition 4.5% for human presence, and 13.8% for presence of other taxa. BioCLIP | consistently outperformed BioTroveCLIP, achieving 93.3% accuracy on unfiltered data versus 85.2%. Filtering had minimal impact on overall performance for both models, though extreme cases (e.g,, poor NIQE and multiple taxa) reduced accuracy and confidence. Leucanthemum vulgare was frequently misclassified, especially under low-quality conditions, while Bellis perennis was consistently well-identified. Strict filtering sometimes decreased performance due to loss of useful context, suggesting both models, especially BioCLIP, are robust to moderate image imperfections.","The poster presents results from a study comparing the performance of BioCLIP and BioTroveCLIP in classifying biodiversity images. It shows that BioCLIP consistently outperforms BioTroveCLIP, with minimal impact from filtering, though extreme cases reduce accuracy. The study highlights the robustness of BioCLIP to moderate image imperfections and notes that high-quality flower images used in the study",IMG_1378.JPEG,/data/neurips/posters/IMG_1378.JPEG
NeurIp S 2025,"The poster presents a novel image compression method that combines autoencoders with saliency-guided compression and low-rank adaptation fine-tuning. The method significantly improves compression ratios and maintains high-quality animal regions in camera trap images, demonstrating its potential for environmental applications. The proposed approach offers a trade-off between compression efficiency and performance, making it suitable for resource-constrained devices. The authors acknowledge the support",IMG_1379.JPEG,/data/neurips/posters/IMG_1379.JPEG
|,"CuMoLoS-MAE is a curriculum-guided masked autoencoder that reconstructs Doppler-Lidar vertical velocity with high fidelity, providing per-pixel uncertainty maps. It improves convection diagnostics and is suitable for confidence-aware assimilation, with a simple curriculum and Monte Carlo masking. The method is trained on Southern Great Plains datasets and evaluated against other methods.",IMG_1380.JPEG,/data/neurips/posters/IMG_1380.JPEG
<!-- image -->,"The poster presents a novel approach using Prithvi, a Geospatial Foundation Model, to delineate coastlines of small sandy islands, particularly those on atolls. The work addresses the limitations of existing tools by training the model on a limited dataset of Sentinel-2 images and evaluating its performance under constrained computational resources. The results demonstrate that Prithvi can achieve high accuracy with relatively small training datasets",IMG_1381.JPEG,/data/neurips/posters/IMG_1381.JPEG
:,"The poster presents a dataset for classifying 17 common species in East African camera trap images, addressing class imbalance and incorporating volunteer classifications. It shows that including a moderate degree of volunteer disagreement in training images can improve model performance while avoiding data loss, highlighting the potential of combining citizen science and deep learning for more accurate species identification.",IMG_1382.JPEG,/data/neurips/posters/IMG_1382.JPEG
SPONSORED BY,"Please provide a concise summary of the poster in 1-2 sentences, focusing on the main research contribution and results. Make sure not to repeat the example summary provided.",IMG_1384.JPEG,/data/neurips/posters/IMG_1384.JPEG
<!-- image -->,"BioCLIP 2 is a dataset and model that enhances species classification by capturing more nuanced ecological and functional relationships beyond simple species labels. It achieves better intra-species separation and habitat recognition, demonstrating emergent properties that are more pronounced with larger datasets. The model produces compact clusters of different species while maintaining intra-species variations, reflecting ecological and functional relationships across taxa.",IMG_1385.JPEG,/data/neurips/posters/IMG_1385.JPEG
° ° t Ecological alignmen,"BioCLIP 2 is a multimodal dataset that captures ecological and functional relationships among species, with improved intra-species separation and more compact clusters compared to BioCLIP 1, making it suitable for species classification and ecological studies.",IMG_1386.JPEG,/data/neurips/posters/IMG_1386.JPEG
44%,"The poster presents a multi-domain transformer-based EHR foundation model for predicting liver disease in chronic hepatitis B patients, analyzing attention maps to understand the model's decision-making process, and discussing the need for evaluating foundation models on unclear patient trajectories. The model is trained on a large dataset of over 100 million patients and demonstrates the ability to predict liver cirrhosis and liver cancer.",IMG_1387.JPEG,/data/neurips/posters/IMG_1387.JPEG
